{
    "total_samples": 189236,
    "severity_distribution": {
        "MEDIUM": 64020,
        "HIGH": 58489,
        "UNKNOWN": 41380,
        "CRITICAL": 20755,
        "LOW": 4592
    },
    "cwe_distribution": {
        "CWE-79": 28439,
        "CWE-89": 11941,
        "CWE-119": 11518,
        "CWE-20": 10217,
        "CWE-787": 8353,
        "CWE-200": 7878,
        "CWE-125": 5976,
        "CWE-352": 5913,
        "CWE-22": 5877,
        "CWE-264": 5298,
        "CWE-416": 4465,
        "CWE-94": 3507,
        "CWE-78": 3401,
        "CWE-287": 3070,
        "CWE-862": 2758,
        "CWE-476": 2755,
        "CWE-399": 2628,
        "CWE-284": 2542,
        "CWE-120": 2355,
        "CWE-310": 2280
    },
    "cvss_mean": 6.872820710647023,
    "cvss_std": 1.816314126947031,
    "windows_pct": 3.5696167748208585
}