{
    "total_samples": 189256,
    "severity_distribution": {
        "MEDIUM": 64033,
        "HIGH": 58494,
        "UNKNOWN": 41380,
        "CRITICAL": 20757,
        "LOW": 4592
    },
    "cwe_distribution": {
        "CWE-79": 28447,
        "CWE-89": 11942,
        "CWE-119": 11518,
        "CWE-20": 10217,
        "CWE-787": 8353,
        "CWE-200": 7879,
        "CWE-125": 5976,
        "CWE-352": 5913,
        "CWE-22": 5877,
        "CWE-264": 5298,
        "CWE-416": 4466,
        "CWE-94": 3508,
        "CWE-78": 3401,
        "CWE-287": 3071,
        "CWE-862": 2758,
        "CWE-476": 2755,
        "CWE-399": 2628,
        "CWE-284": 2542,
        "CWE-120": 2355,
        "CWE-310": 2280
    },
    "cvss_mean": 6.872805089402714,
    "cvss_std": 1.8162781910039347,
    "windows_pct": 3.5692395485479986
}